{
  "info": {
    "_postman_id": "otp-flow-collection",
    "name": "OTP Customer Login Flow",
    "description": "End-to-end customer OTP login flow with table sessions",
    "schema": "https://schema.getpostman.com/json/collection/v2.1.0/collection.json"
  },
  "item": [
    {
      "name": "Logins",
      "item": [
        {
          "name": "Admin Login",
          "request": {
            "method": "POST",
            "header": [
              { "key": "Content-Type", "value": "application/json" }
            ],
            "body": {
              "mode": "raw",
              "raw": "{\n  \"username\": \"manager1\"\n}"
            },
            "url": {
              "raw": "{{baseUrl}}/staff/login",
              "host": ["{{baseUrl}}"],
              "path": ["staff", "login"]
            }
          },
          "event": [
            {
              "listen": "test",
              "script": {
                "exec": [
                  "const json = pm.response.json();",
                  "pm.environment.set('adminToken', json.token);",
                  "pm.test('Admin login 200', () => pm.response.code === 200);",
                  "pm.test('Token issued', () => json.token);"
                ]
              }
            }
          ]
        },
        {
          "name": "Captain Login",
          "request": {
            "method": "POST",
            "header": [
              { "key": "Content-Type", "value": "application/json" }
            ],
            "body": {
              "mode": "raw",
              "raw": "{\n  \"username\": \"captain1\"\n}"
            },
            "url": {
              "raw": "{{baseUrl}}/staff/login",
              "host": ["{{baseUrl}}"],
              "path": ["staff", "login"]
            }
          },
          "event": [
            {
              "listen": "test",
              "script": {
                "exec": [
                  "const json = pm.response.json();",
                  "pm.environment.set('captainToken', json.token);",
                  "pm.test('Captain login 200', () => pm.response.code === 200);",
                  "pm.test('Token issued', () => json.token);"
                ]
              }
            }
          ]
        }
      ]
    },
    {
      "name": "Setup - Create Test Data",
      "item": [
        {
          "name": "1. Create Restaurant with Branch",
          "event": [
            {
              "listen": "test",
              "script": {
                "exec": [
                  "var jsonData = pm.response.json();",
                  "pm.environment.set('restaurantId', jsonData.restaurantId);",
                  "if (jsonData.branches && jsonData.branches.length > 0) {",
                  "  pm.environment.set('branchId', jsonData.branches[0].branchId);",
                  "}"
                ]
              }
            }
          ],
          "request": {
            "method": "POST",
            "header": [
              {
                "key": "Content-Type",
                "value": "application/json"
              },
              {
                "key": "Authorization",
                "value": "Bearer {{superAdminToken}}"
              }
            ],
            "body": {
              "mode": "raw",
              "raw": "{\n  \"name\": \"Test Restaurant\",\n  \"logoUrl\": \"test.png\",\n  \"primaryColor\": \"#FF5722\",\n  \"secondaryColor\": \"#4CAF50\",\n  \"branches\": [\n    {\n      \"name\": \"Main Branch\",\n      \"address\": \"123 Main St\",\n      \"manager\": {\n        \"name\": \"Manager Test\",\n        \"username\": \"manager1\",\n        \"phone\": \"9000000000\"\n      }\n    }\n  ]\n}"
            },
            "url": {
              "raw": "{{baseUrl}}/super-admin/create-restaurant",
              "host": [
                "{{baseUrl}}"
              ],
              "path": [
                "super-admin",
                "create-restaurant"
              ]
            }
          }
        },
        {
          "name": "2. Create Area",
          "event": [
            {
              "listen": "test",
              "script": {
                "exec": [
                  "var jsonData = pm.response.json();",
                  "pm.environment.set('areaId', jsonData.id);"
                ]
              }
            }
          ],
          "request": {
            "method": "POST",
            "header": [
              {
                "key": "Content-Type",
                "value": "application/json"
              },
              {
                "key": "Authorization",
                "value": "Bearer {{adminToken}}"
              }
            ],
            "body": {
              "mode": "raw",
              "raw": "{\n  \"name\": \"Ground Floor\"\n}"
            },
            "url": {
              "raw": "{{baseUrl}}/admin/areas",
              "host": [
                "{{baseUrl}}"
              ],
              "path": [
                "admin",
                "areas"
              ]
            }
          }
        },
        {
          "name": "3. Create Table",
          "event": [
            {
              "listen": "test",
              "script": {
                "exec": [
                  "var jsonData = pm.response.json();",
                  "pm.environment.set('tableId', jsonData.id);"
                ]
              }
            }
          ],
          "request": {
            "method": "POST",
            "header": [
              {
                "key": "Content-Type",
                "value": "application/json"
              },
              {
                "key": "Authorization",
                "value": "Bearer {{adminToken}}"
              }
            ],
            "body": {
              "mode": "raw",
              "raw": "{\n  \"areaId\": \"{{areaId}}\",\n  \"tableNumber\": \"T1\",\n  \"capacity\": 4\n}"
            },
            "url": {
              "raw": "{{baseUrl}}/admin/tables",
              "host": [
                "{{baseUrl}}"
              ],
              "path": [
                "admin",
                "tables"
              ]
            }
          }
        }
      ]
    },
    {
      "name": "Place Order & Kitchen Flow",
      "item": [
        {
          "name": "Place Order",
          "event": [
            {
              "listen": "test",
              "script": {
                "exec": [
                  "var jsonData = pm.response.json();",
                  "pm.environment.set('orderId', jsonData.orderId);",
                  "pm.test('Order placed successfully', function() {",
                  "  pm.expect(pm.response.code).to.equal(201);",
                  "  pm.expect(jsonData.orderId).to.exist;",
                  "  pm.expect(jsonData.status).to.equal('PLACED');",
                  "  pm.expect(jsonData.totalAmount).to.exist;",
                  "});"
                ]
              }
            }
          ],
          "request": {
            "method": "POST",
            "header": [
              {
                "key": "Content-Type",
                "value": "application/json"
              },
              {
                "key": "Authorization",
                "value": "Bearer {{customerToken}}"
              }
            ],
            "body": {
              "mode": "raw",
              "raw": "{\n  \"items\": [\n    {\n      \"menuItemId\": \"{{menuItemId}}\",\n      \"quantity\": 2,\n      \"spiceLevel\": \"MEDIUM\",\n      \"modifiers\": []\n    }\n  ]\n}"
            },
            "url": {
              "raw": "{{baseUrl}}/public/order/place",
              "host": [
                "{{baseUrl}}"
              ],
              "path": [
                "public",
                "order",
                "place"
              ]
            }
          }
        },
        {
          "name": "Get Order Details",
          "event": [
            {
              "listen": "test",
              "script": {
                "exec": [
                  "pm.test('Order retrieved successfully', function() {",
                  "  pm.expect(pm.response.code).to.equal(200);",
                  "  var jsonData = pm.response.json();",
                  "  pm.expect(jsonData.orderId).to.equal(pm.environment.get('orderId'));",
                  "  pm.expect(jsonData.items).to.be.an('array');",
                  "});"
                ]
              }
            }
          ],
          "request": {
            "method": "GET",
            "header": [
              {
                "key": "Authorization",
                "value": "Bearer {{customerToken}}"
              }
            ],
            "url": {
              "raw": "{{baseUrl}}/public/order/{{orderId}}",
              "host": [
                "{{baseUrl}}"
              ],
              "path": [
                "public",
                "order",
                "{{orderId}}"
              ]
            }
          }
        }
      ]
    },
    {
      "name": "Kitchen Order Ticket (KOT) Flow",
      "item": [
        {
          "name": "Kitchen Login (Get Token)",
          "event": [
            {
              "listen": "test",
              "script": {
                "exec": [
                  "var jsonData = pm.response.json();",
                  "pm.environment.set('kitchenToken', jsonData.token);",
                  "pm.environment.set('kitchenStaffId', jsonData.staffId);",
                  "pm.test('Kitchen staff login successful', function() {",
                  "  pm.expect(pm.response.code).to.equal(200);",
                  "  pm.expect(jsonData.token).to.exist;",
                  "  pm.expect(jsonData.role).to.equal('KITCHEN');",
                  "});"
                ]
              }
            }
          ],
          "request": {
            "method": "POST",
            "header": [
              {
                "key": "Content-Type",
                "value": "application/json"
              }
            ],
            "body": {
              "mode": "raw",
              "raw": "{\n  \"phone\": \"9876543210\",\n  \"password\": \"kitchen123\",\n  \"branchId\": \"{{branchId}}\"\n}"
            },
            "url": {
              "raw": "{{baseUrl}}/staff/login",
              "host": [
                "{{baseUrl}}"
              ],
              "path": [
                "staff",
                "login"
              ]
            }
          }
        },
        {
          "name": "Get Kitchen Orders (SENT)",
          "event": [
            {
              "listen": "test",
              "script": {
                "exec": [
                  "pm.test('Kitchen orders retrieved', function() {",
                  "  pm.expect(pm.response.code).to.equal(200);",
                  "  var jsonData = pm.response.json();",
                  "  pm.expect(jsonData.orders).to.be.an('array');",
                  "  if (jsonData.orders.length > 0) {",
                  "    pm.environment.set('kotOrderId', jsonData.orders[0].orderId);",
                  "  }",
                  "});"
                ]
              }
            }
          ],
          "request": {
            "method": "GET",
            "header": [
              {
                "key": "Authorization",
                "value": "Bearer {{kitchenToken}}"
              }
            ],
            "url": {
              "raw": "{{baseUrl}}/kitchen/orders?status=SENT",
              "host": [
                "{{baseUrl}}"
              ],
              "path": [
                "kitchen",
                "orders"
              ],
              "query": [
                {
                  "key": "status",
                  "value": "SENT"
                }
              ]
            }
          }
        },
        {
          "name": "Update Order Status to READY",
          "event": [
            {
              "listen": "test",
              "script": {
                "exec": [
                  "pm.test('Order status updated to READY', function() {",
                  "  pm.expect(pm.response.code).to.equal(200);",
                  "  var jsonData = pm.response.json();",
                  "  pm.expect(jsonData.status).to.equal('READY');",
                  "  pm.expect(jsonData.kotStatus).to.equal('READY');",
                  "});"
                ]
              }
            }
          ],
          "request": {
            "method": "PATCH",
            "header": [
              {
                "key": "Authorization",
                "value": "Bearer {{kitchenToken}}"
              },
              {
                "key": "Content-Type",
                "value": "application/json"
              }
            ],
            "body": {
              "mode": "raw",
              "raw": "{\n  \"status\": \"READY\"\n}"
            },
            "url": {
              "raw": "{{baseUrl}}/kitchen/order/{{kotOrderId}}/status",
              "host": [
                "{{baseUrl}}"
              ],
              "path": [
                "kitchen",
                "order",
                "{{kotOrderId}}",
                "status"
              ]
            }
          }
        },
        {
          "name": "Update Order Status to COMPLETED",
          "event": [
            {
              "listen": "test",
              "script": {
                "exec": [
                  "pm.test('Order marked as COMPLETED', function() {",
                  "  pm.expect(pm.response.code).to.equal(200);",
                  "  var jsonData = pm.response.json();",
                  "  pm.expect(jsonData.status).to.equal('COMPLETED');",
                  "});"
                ]
              }
            }
          ],
          "request": {
            "method": "PATCH",
            "header": [
              {
                "key": "Authorization",
                "value": "Bearer {{kitchenToken}}"
              },
              {
                "key": "Content-Type",
                "value": "application/json"
              }
            ],
            "body": {
              "mode": "raw",
              "raw": "{\n  \"status\": \"COMPLETED\"\n}"
            },
            "url": {
              "raw": "{{baseUrl}}/kitchen/order/{{kotOrderId}}/status",
              "host": [
                "{{baseUrl}}"
              ],
              "path": [
                "kitchen",
                "order",
                "{{kotOrderId}}",
                "status"
              ]
            }
          }
        },
        {
          "name": "Get Kitchen Orders (READY)",
          "event": [
            {
              "listen": "test",
              "script": {
                "exec": [
                  "pm.test('Ready orders retrieved', function() {",
                  "  pm.expect(pm.response.code).to.equal(200);",
                  "  var jsonData = pm.response.json();",
                  "  pm.expect(jsonData.status).to.equal('READY');",
                  "});"
                ]
              }
            }
          ],
          "request": {
            "method": "GET",
            "header": [
              {
                "key": "Authorization",
                "value": "Bearer {{kitchenToken}}"
              }
            ],
            "url": {
              "raw": "{{baseUrl}}/kitchen/orders?status=READY",
              "host": [
                "{{baseUrl}}"
              ],
              "path": [
                "kitchen",
                "orders"
              ],
              "query": [
                {
                  "key": "status",
                  "value": "READY"
                }
              ]
            }
          }
        },
        {
          "name": "Get Kitchen Orders (COMPLETED)",
          "event": [
            {
              "listen": "test",
              "script": {
                "exec": [
                  "pm.test('Completed orders retrieved', function() {",
                  "  pm.expect(pm.response.code).to.equal(200);",
                  "  var jsonData = pm.response.json();",
                  "  pm.expect(jsonData.status).to.equal('COMPLETED');",
                  "});"
                ]
              }
            }
          ],
          "request": {
            "method": "GET",
            "header": [
              {
                "key": "Authorization",
                "value": "Bearer {{kitchenToken}}"
              }
            ],
            "url": {
              "raw": "{{baseUrl}}/kitchen/orders?status=COMPLETED",
              "host": [
                "{{baseUrl}}"
              ],
              "path": [
                "kitchen",
                "orders"
              ],
              "query": [
                {
                  "key": "status",
                  "value": "COMPLETED"
                }
              ]
            }
          }
        }
      ]
    },
    {
      "name": "OTP Flow - Customer Journey",
      "item": [
        {
          "name": "Step 1. Start Table Session (QR Scan)",
          "event": [
            {
              "listen": "test",
              "script": {
                "exec": [
                  "var jsonData = pm.response.json();",
                  "pm.environment.set('sessionId', jsonData.sessionId);",
                  "pm.test('Session created', function() {",
                  "  pm.expect(pm.response.code).to.equal(201);",
                  "  pm.expect(jsonData.sessionId).to.exist;",
                  "});"
                ]
              }
            }
          ],
          "request": {
            "method": "POST",
            "header": [
              {
                "key": "Content-Type",
                "value": "application/json"
              }
            ],
            "body": {
              "mode": "raw",
              "raw": "{\n  \"tableId\": \"{{tableId}}\"\n}"
            },
            "url": {
              "raw": "{{baseUrl}}/public/qr/session/start",
              "host": [
                "{{baseUrl}}"
              ],
              "path": [
                "public",
                "qr",
                "session",
                "start"
              ]
            }
          }
        },
        {
          "name": "Step 2. Initiate Customer (Enter Phone)",
          "event": [
            {
              "listen": "test",
              "script": {
                "exec": [
                  "pm.test('Customer initiated', function() {",
                  "  pm.expect(pm.response.code).to.equal(200);",
                  "});"
                ]
              }
            }
          ],
          "request": {
            "method": "POST",
            "header": [
              {
                "key": "Content-Type",
                "value": "application/json"
              }
            ],
            "body": {
              "mode": "raw",
              "raw": "{\n  \"sessionId\": \"{{sessionId}}\",\n  \"name\": \"Rahul\",\n  \"phone\": \"9876543210\"\n}"
            },
            "url": {
              "raw": "{{baseUrl}}/public/customer/initiate",
              "host": [
                "{{baseUrl}}"
              ],
              "path": [
                "public",
                "customer",
                "initiate"
              ]
            }
          }
        },
        {
          "name": "Step 3. Captain/Staff Generate OTP",
          "event": [
            {
              "listen": "prerequest",
              "script": {
                "exec": [
                  "// If you don't have a staff token, generate one here",
                  "// For testing, use the captain token from environment"
                ]
              }
            },
            {
              "listen": "test",
              "script": {
                "exec": [
                  "var jsonData = pm.response.json();",
                  "pm.environment.set('generatedOtp', jsonData.otp);",
                  "pm.test('OTP generated for captain', function() {",
                  "  pm.expect(pm.response.code).to.equal(200);",
                  "  pm.expect(jsonData.otp).to.exist;",
                  "  console.log('OTP for customer: ' + jsonData.otp);",
                  "});"
                ]
              }
            }
          ],
          "request": {
            "method": "POST",
            "header": [
              {
                "key": "Content-Type",
                "value": "application/json"
              },
              {
                "key": "Authorization",
                "value": "Bearer {{captainToken}}"
              }
            ],
            "body": {
              "mode": "raw",
              "raw": "{\n  \"sessionId\": \"{{sessionId}}\",\n  \"customerPhone\": \"9876543210\"\n}"
            },
            "url": {
              "raw": "{{baseUrl}}/staff/otp/generate",
              "host": [
                "{{baseUrl}}"
              ],
              "path": [
                "staff",
                "otp",
                "generate"
              ]
            }
          }
        },
        {
          "name": "Step 4. Customer Verify OTP",
          "event": [
            {
              "listen": "prerequest",
              "script": {
                "exec": [
                  "// Copy the OTP shown in Step 3 response and paste it in the body below"
                ]
              }
            },
            {
              "listen": "test",
              "script": {
                "exec": [
                  "var jsonData = pm.response.json();",
                  "pm.environment.set('customerToken', jsonData.token);",
                  "pm.test('OTP verified - JWT issued', function() {",
                  "  pm.expect(pm.response.code).to.equal(200);",
                  "  pm.expect(jsonData.token).to.exist;",
                  "});",
                  "",
                  "// Decode JWT to verify payload",
                  "function parseJwt(token) {",
                  "    var base64Url = token.split('.')[1];",
                  "    var base64 = base64Url.replace(/-/g, '+').replace(/_/g, '/');",
                  "    var jsonPayload = decodeURIComponent(atob(base64).split('').map(function(c) {",
                  "        return '%' + ('00' + c.charCodeAt(0).toString(16)).slice(-2);",
                  "    }).join(''));",
                  "    return JSON.parse(jsonPayload);",
                  "}",
                  "",
                  "var payload = parseJwt(jsonData.token);",
                  "console.log('JWT Payload:', payload);"
                ]
              }
            }
          ],
          "request": {
            "method": "POST",
            "header": [
              {
                "key": "Content-Type",
                "value": "application/json"
              }
            ],
            "body": {
              "mode": "raw",
              "raw": "{\n  \"sessionId\": \"{{sessionId}}\",\n  \"phone\": \"9876543210\",\n  \"otp\": \"{{generatedOtp}}\"\n}"
            },
            "url": {
              "raw": "{{baseUrl}}/public/customer/verify-otp",
              "host": [
                "{{baseUrl}}"
              ],
              "path": [
                "public",
                "customer",
                "verify-otp"
              ]
            }
          }
        },
        {
          "name": "Step 5. Customer Access Protected Resource (Menu)",
          "event": [
            {
              "listen": "test",
              "script": {
                "exec": [
                  "pm.test('Customer accessed protected resource', function() {",
                  "  pm.expect(pm.response.code).to.equal(200);",
                  "});"
                ]
              }
            }
          ],
          "request": {
            "method": "GET",
            "header": [
              {
                "key": "Authorization",
                "value": "Bearer {{customerToken}}"
              }
            ],
            "url": {
              "raw": "{{baseUrl}}/public/menu/categories",
              "host": [
                "{{baseUrl}}"
              ],
              "path": [
                "public",
                "menu",
                "categories"
              ]
            }
          }
        }
      ]
    }
  ],
  "variable": [
    {
      "key": "baseUrl",
      "value": "http://localhost:3000",
      "type": "string"
    },
    {
      "key": "superAdminToken",
      "value": "eyJhbGciOiJIUzI1NiIsInR5cCI6IkpXVCJ9.eyJzdGFmZklkIjoic3VwZXItYWRtaW4tMSIsInJvbGUiOiJTVVBFUl9BRE1JTiJ9.test",
      "type": "string"
    },
    {
      "key": "adminToken",
      "value": "eyJhbGciOiJIUzI1NiIsInR5cCI6IkpXVCJ9.eyJzdGFmZklkIjoiYWRtaW4tMSIsInJvbGUiOiJSRVNUQVVSQU5UX0FETUlOIn0.test",
      "type": "string"
    },
    {
      "key": "captainToken",
      "value": "eyJhbGciOiJIUzI1NiIsInR5cCI6IkpXVCJ9.eyJzdGFmZklkIjoiY2FwdGFpbi0xIiwicm9sZSI6IkNBUFRBSU4iLCJicmFuY2hJZCI6ImIxIn0.test",
      "type": "string"
    },
    {
      "key": "restaurantId",
      "value": "",
      "type": "string"
    },
    {
      "key": "branchId",
      "value": "",
      "type": "string"
    },
    {
      "key": "areaId",
      "value": "",
      "type": "string"
    },
    {
      "key": "tableId",
      "value": "",
      "type": "string"
    },
    {
      "key": "sessionId",
      "value": "",
      "type": "string"
    },
    {
      "key": "generatedOtp",
      "value": "",
      "type": "string"
    },
    {
      "key": "customerToken",
      "value": "",
      "type": "string"
    },
    {
      "key": "menuItemId",
      "value": "",
      "type": "string",
      "description": "Menu item ID for placing order"
    },
    {
      "key": "orderId",
      "value": "",
      "type": "string",
      "description": "Order ID from place order response"
    },
    {
      "key": "kitchenToken",
      "value": "",
      "type": "string",
      "description": "Kitchen staff JWT token"
    },
    {
      "key": "kitchenStaffId",
      "value": "",
      "type": "string",
      "description": "Kitchen staff ID"
    },
    {
      "key": "kotOrderId",
      "value": "",
      "type": "string",
      "description": "Order ID for kitchen workflow"
    }
  ]
}
